Handle,Title,Body (HTML),Vendor,Type,Tags,Published,Option1 Name,Option1 Value,Option2 Name,Option2 Value,Option3 Name,Option3 Value,Variant SKU,Variant Grams,Variant Inventory Tracker,Variant Inventory Qty,Variant Inventory Policy,Variant Fulfillment Service,Variant Price,Variant Compare At Price,Variant Requires Shipping,Variant Taxable,Variant Barcode,Image Src,Image Position,Image Alt Text,Gift Card,SEO Title,SEO Description,Google Shopping / Google Product Category,Google Shopping / Gender,Google Shopping / Age Group,Google Shopping / MPN,Google Shopping / AdWords Grouping,Google Shopping / AdWords Labels,Google Shopping / Condition,Google Shopping / Custom Product,Google Shopping / Custom Label 0,Google Shopping / Custom Label 1,Google Shopping / Custom Label 2,Google Shopping / Custom Label 3,Google Shopping / Custom Label 4,Variant Image,Variant Weight Unit,Variant Tax Code,Cost per item,
discovery-kit-6-pack,"Classic Discovery Kit  - 2 Cereals, 2 Treats, 2 Granola","<p data-end=""724"" data-start=""0"">Meet the <strong data-is-only-node="""" data-end=""86"" data-start=""57"">Magic Spoon Discovery Kit</strong> — your all-access pass to our best-selling cereal. protein-packed treats. and crunchy granola. This curated bundle features two of each product so you can explore the full lineup: nostalgic <strong>Fruity cereal</strong> and indulgent <strong>Cocoa</strong>; snackable <strong>Marshmallow</strong> and <strong>Chocolate PB treats</strong>; and satisfying <strong>Peanut Butter </strong>and crisp <strong>Honey Almond granola</strong>. </p>","Magic Spoon","Multi Product Bundle","6026-PEATRT04-1x, 6027-MARTRT04-1x, 6142-PEAGR01-1x, 6143-HNALGR01-1x, 741-COC01-1x, 744-FRU01-1x, no index, noindex",TRUE,Title,"Default Title",,,,,400446,2448,shopify,1000,continue,manual,"54.00","59.00",TRUE,TRUE,,"https://cdn.shopify.com/s/files/1/0081/3826/0542/files/MS_VARIETY_DISCOVERY_HERO2_1.png?v=1749586717",1,,FALSE,"Classic Discovery Kit  - 2 Cereals, 2 Treats, 2 Granola","Classic Discovery Kit  - 2 Cereals, 2 Treats, 2 Granola",,,,,,,,,,,,,,,Kg,,,
discovery-kit-6-pack,,,,,,,,,,,,,,,,,,,,,,,,https://cdn.shopify.com/s/files/1/0081/3826/0542/files/MS_VARIETY_DISCOVERY_RTB_fa50c683-0ad5-4ff2-b110-f23659e023a0.png?v=1753371990,1,,,,,,,,,,,,,,,,,,,,,,
discovery-kit-6-pack,,,,,,,,,,,,,,,,,,,,,,,,https://cdn.shopify.com/s/files/1/0081/3826/0542/files/MS_VARIETY_DISCOVERY_BOWL.png?v=1753371990,2,,,,,,,,,,,,,,,,,,,,,,
discovery-kit-6-pack,,,,,,,,,,,,,,,,,,,,,,,,https://cdn.shopify.com/s/files/1/0081/3826/0542/files/MS_Mix_DiscoveryKit_Layout_1x1_ef57e7ec-1d92-4685-b8bb-5723796f5fd8.png?v=1753371990,3,,,,,,,,,,,,,,,,,,,,,,
discovery-kit-6-pack,,,,,,,,,,,,,,,,,,,,,,,,https://cdn.shopify.com/s/files/1/0081/3826/0542/files/MS_Mix_DiscoveryKit_CloseUp_1x1_758fc83b-27b3-4687-8fa8-0a3018468f7f.png?v=1753371990,4,,,,,,,,,,,,,,,,,,,,,,
discovery-kit-6-pack,,,,,,,,,,,,,,,,,,,,,,,,https://cdn.shopify.com/s/files/1/0081/3826/0542/files/MS_VARIETY_DISCOVERY_NFP.jpg?v=1753371990,5,,,,,,,,,,,,,,,,,,,,,,
discovery-kit-6-pack,,,,,,,,,,,,,,,,,,,,,,,,https://cdn.shopify.com/s/files/1/0081/3826/0542/files/MS_VARIETY_DISCOVERY_NFP_0f7bdd5d-cc49-422a-a3be-268f5f773e5e.jpg?v=1749586717,6,,,,,,,,,,,,,,,,,,,,,,
discovery-kit-6-pack,,,,,,,,,,,,,,,,,,,,,,,,https://cdn.shopify.com/s/files/1/0081/3826/0542/files/MS_VARIETY_DISCOVERY_US_THEM.png?v=1749586717,7,,,,,,,,,,,,,,,,,,,,,,
strawberry-milkshake-birthday-cake-16-cereal-treats-4-boxes,"The Party Pack - 16 Cereal Treats (4 Boxes)","<p dir=""ltr""><span>Mix up your routine with two new Treats—</span><strong>Birthday Cake</strong><span> and </span><span><strong>Strawberry Milkshake</strong></span><span><strong>!</strong> One brings the party (and plenty of sprinkles). the other is a creamy berry dream studded with real strawberries. and both pack </span><strong>12g protein</strong><span> and just </span><strong>1g sugar</strong><span> into every Treat. Includes 2 boxes of each so you can snack on.</span></p>","Magic Spoon",Treats,"6093-BDAYTRT04-2x, 6095-STRMTRT04-2x, Treats",TRUE,Title,"Default Title",,,,,400189,816,shopify,1000,continue,manual,"39.00","39.00",TRUE,TRUE,,"https://cdn.shopify.com/s/files/1/0081/3826/0542/files/MS_T_STRAW_BDAY_HERO.png?v=1748899109",1,,FALSE,"The Party Pack - 16 Cereal Treats (4 Boxes)","The Party Pack - 16 Cereal Treats (4 Boxes)",,,,,,,,,,,,,,,Kg,,,
strawberry-milkshake-birthday-cake-16-cereal-treats-4-boxes,,,,,,,,,,,,,,,,,,,,,,,,https://cdn.shopify.com/s/files/1/0081/3826/0542/files/MS_T_STRAW_BDAY_PRODUCT_DETAIL.jpg?v=1748899109,1,,,,,,,,,,,,,,,,,,,,,,
strawberry-milkshake-birthday-cake-16-cereal-treats-4-boxes,,,,,,,,,,,,,,,,,,,,,,,,https://cdn.shopify.com/s/files/1/0081/3826/0542/files/MS_T_STRAW_RTB_5318199f-4ddd-44a7-8956-1c1e1538e583.png?v=1749065889,2,,,,,,,,,,,,,,,,,,,,,,
strawberry-milkshake-birthday-cake-16-cereal-treats-4-boxes,,,,,,,,,,,,,,,,,,,,,,,,https://cdn.shopify.com/s/files/1/0081/3826/0542/files/MS_T_STRAW_BDAY_NFP.jpg?v=1748899109,3,,,,,,,,,,,,,,,,,,,,,,
strawberry-milkshake-birthday-cake-16-cereal-treats-4-boxes,,,,,,,,,,,,,,,,,,,,,,,,https://cdn.shopify.com/s/files/1/0081/3826/0542/files/MS_T_BDAY_LIFESTYLE1.jpg?v=1748899109,4,,,,,,,,,,,,,,,,,,,,,,
strawberry-milkshake-birthday-cake-16-cereal-treats-4-boxes,,,,,,,,,,,,,,,,,,,,,,,,https://cdn.shopify.com/s/files/1/0081/3826/0542/files/MS_T_STRAW_LIFESTYLE1.jpg?v=1748899109,5,,,,,,,,,,,,,,,,,,,,,,
variety-1-case-6-boxes-1,"Variety 6 - 1 case (6 boxes)","<p><span style=""font-weight: 400;"">Try all of our classic flavors—Fruity. Frosted. Cocoa. Peanut Butter. Blueberry Muffin. and Cinnamon Toast. We've reimagined all your favorite childhood cereals.</span></p>","Magic Spoon",Cereal,"741-COC01-1x, 742-BLU01-1x, 743-CIN01-1x, 744-FRU01-1x, 745-FRO01-1x, 746-PEA01-1x, YGroup_variety",TRUE,Title,"Default Title",,,,,747-MIX06B,2448,shopify,1000,continue,manual,"54.00","59.00",TRUE,TRUE,,"https://cdn.shopify.com/s/files/1/0081/3826/0542/files/MS_C_VARIETY_6PACK_HERO.png?v=1733411891",1,,FALSE,"Variety 6 - 1 case (6 boxes)","Variety 6 - 1 case (6 boxes)",,,,,,,,,,,,,,,Kg,,,
variety-1-case-6-boxes-1,,,,,,,,,,,,,,,,,,,,,,,,https://cdn.shopify.com/s/files/1/0081/3826/0542/products/MS_RTB_s_Variety6-Pack.jpg?v=1672954331,1,,,,,,,,,,,,,,,,,,,,,,
variety-1-case-6-boxes-1,,,,,,,,,,,,,,,,,,,,,,,,https://cdn.shopify.com/s/files/1/0081/3826/0542/files/MS_C_VARIETYPRODUCT_DETAIL_FRONT.jpg?v=1733411892,2,,,,,,,,,,,,,,,,,,,,,,
variety-1-case-6-boxes-1,,,,,,,,,,,,,,,,,,,,,,,,https://cdn.shopify.com/s/files/1/0081/3826/0542/files/MS_PRODUCT_DETAIL_BACK_d8c9290c-6f9b-497c-8511-7e6eb7883d39.jpg?v=1733417671,3,,,,,,,,,,,,,,,,,,,,,,
variety-1-case-6-boxes-1,,,,,,,,,,,,,,,,,,,,,,,,https://cdn.shopify.com/s/files/1/0081/3826/0542/products/MS_6PACK_FRUITY_BOWL_SPOON-384402.jpg?v=1672954331,4,,,,,,,,,,,,,,,,,,,,,,
variety-1-case-6-boxes-1,,,,,,,,,,,,,,,,,,,,,,,,https://cdn.shopify.com/s/files/1/0081/3826/0542/products/MS_VARIETY_TOPDOWN_3.22_4532e760-76da-4628-9436-2ac66d361b9d-484754.jpg?v=1672954331,5,,,,,,,,,,,,,,,,,,,,,,
variety-1-case-6-boxes-1,,,,,,,,,,,,,,,,,,,,,,,,https://cdn.shopify.com/s/files/1/0081/3826/0542/products/Artboard_30_1-658693_4f63ff04-c814-412e-bbcc-7c75eeea60ba.png?v=1677864323,6,,,,,,,,,,,,,,,,,,,,,,
variety-1-case-6-boxes-1,,,,,,,,,,,,,,,,,,,,,,,,https://cdn.shopify.com/s/files/1/0081/3826/0542/products/Artboard_31_1-517819_0de5bfd9-4657-4ac4-aab7-9e45c6c80f42.png?v=1677864323,7,,,,,,,,,,,,,,,,,,,,,,
variety-1-case-6-boxes-1,,,,,,,,,,,,,,,,,,,,,,,,https://cdn.shopify.com/s/files/1/0081/3826/0542/products/Artboard_32_1_a932a7ca-0ecc-4d61-9aff-4e13bd301a1f.png?v=1677864323,8,,,,,,,,,,,,,,,,,,,,,,
variety-1-case-6-boxes-1,,,,,,,,,,,,,,,,,,,,,,,,https://cdn.shopify.com/s/files/1/0081/3826/0542/products/MS_VARIETY_6PACK_CHART_1.13.23-516923.png?v=1677864323,9,,,,,,,,,,,,,,,,,,,,,,
variety-1-case-6-boxes-1,,,,,,,,,,,,,,,,,,,,,,,,https://cdn.shopify.com/s/files/1/0081/3826/0542/files/MS_C_VARIETY_NFP.jpg?v=1733411894,10,,,,,,,,,,,,,,,,,,,,,,
variety-6-6-bags-of-granola,"Variety 6 - 6 Bags of Granola","<p><meta charset=""utf-8"">Try all our best flavors in one pack! This 6-pack includes<strong> Honey Almond. Peanut Butter. Mixed Berry. </strong>and<strong> Dark Chocolate—</strong>perfectly crunchy and protein-packed to power your day.</p>","Magic Spoon",Granola,"6141-DKCHGR01-1x, 6142-PEAGR01-2x, 6143-HNALGR01-2x, 6156-MIXBGR01-1x, YGroup_fruity",TRUE,Title,"Default Title",,,,,400379,1220,shopify,1000,continue,manual,"54.00","59.00",TRUE,TRUE,,"https://cdn.shopify.com/s/files/1/0081/3826/0542/files/MS_G_VARIETY4_DCA_HERO.png?v=1738958405",1,,FALSE,"Variety 6 - 6 Bags of Granola","Variety 6 - 6 Bags of Granola",,,,,,,,,,,,,,,Kg,,,
variety-6-6-bags-of-granola,,,,,,,,,,,,,,,,,,,,,,,,https://cdn.shopify.com/s/files/1/0081/3826/0542/files/MS_G_VARIETY_4__RTB_7db07562-2464-4712-9a98-460bee9f37fb.png?v=1738958405,1,,,,,,,,,,,,,,,,,,,,,,
variety-6-6-bags-of-granola,,,,,,,,,,,,,,,,,,,,,,,,https://cdn.shopify.com/s/files/1/0081/3826/0542/files/MS_G_VARIETY_4__PRODUCT_DETAIL_FRONT_1c7afd31-b85c-4a22-9a52-97623f450425.jpg?v=1738957375,2,,,,,,,,,,,,,,,,,,,,,,
variety-6-6-bags-of-granola,,,,,,,,,,,,,,,,,,,,,,,,https://cdn.shopify.com/s/files/1/0081/3826/0542/files/MS_G_VARIETY_4__PRODUCT_DETAIL_BACK_4d5d969e-9bae-49d6-9032-859ee9d51195.jpg?v=1738957375,3,,,,,,,,,,,,,,,,,,,,,,
variety-6-6-bags-of-granola,,,,,,,,,,,,,,,,,,,,,,,,https://cdn.shopify.com/s/files/1/0081/3826/0542/files/MS_G_PB_400353_LI.1.png?v=1738958405,4,,,,,,,,,,,,,,,,,,,,,,
variety-6-6-bags-of-granola,,,,,,,,,,,,,,,,,,,,,,,,https://cdn.shopify.com/s/files/1/0081/3826/0542/files/MS_G_VARIETY_4__US_V_THEM_81651210-bac6-4710-b23c-940795919037.jpg?v=1738958405,5,,,,,,,,,,,,,,,,,,,,,,
variety-6-6-bags-of-granola,,,,,,,,,,,,,,,,,,,,,,,,https://cdn.shopify.com/s/files/1/0081/3826/0542/files/MS_G_VARIETY_4__NFP_a2e23665-0226-419c-b1fb-7963c059cd58.jpg?v=1738957382,6,,,,,,,,,,,,,,,,,,,,,,
sweet-n-salty-variety-pack,"Variety 6 - 24 Cereal Treats (6 Boxes)","<p>Your favorite Magic Spoon Treats. with a twist! Try newest flavors <strong>S'mores &amp; Salted Caramel</strong> alongside tried and true <strong>Marshmallow. Chocolatey Peanut Butter. Blueberry Muffin. and Double Chocolate</strong>.</p>","Magic Spoon",Treats,"6026-PEATRT04-1x, 6027-MARTRT04-1x, 6039-DBCTRT04-1x, 6041-BLMTRT04-1x, 6198-SMOTRT04-1x, 6199-CARTRT04-1x, Treats",TRUE,Title,"Default Title",,,,,400405,1224,shopify,1000,continue,manual,"54.00","59.00",TRUE,TRUE,,"https://cdn.shopify.com/s/files/1/0081/3826/0542/files/MS_T_VAR6_HERO.png?v=1743092725",1,,FALSE,"Variety 6 - 24 Cereal Treats (6 Boxes)","Variety 6 - 24 Cereal Treats (6 Boxes)",,,,,,,,,,,,,,,Kg,,,
sweet-n-salty-variety-pack,,,,,,,,,,,,,,,,,,,,,,,,https://cdn.shopify.com/s/files/1/0081/3826/0542/files/MS_T_SALTY_SMORE_RTB.png?v=1744053795,1,,,,,,,,,,,,,,,,,,,,,,
sweet-n-salty-variety-pack,,,,,,,,,,,,,,,,,,,,,,,,https://cdn.shopify.com/s/files/1/0081/3826/0542/files/MS_T_VAR6_PRODUCT_DETAIL.jpg?v=1744053795,2,,,,,,,,,,,,,,,,,,,,,,
sweet-n-salty-variety-pack,,,,,,,,,,,,,,,,,,,,,,,,https://cdn.shopify.com/s/files/1/0081/3826/0542/files/IZ_MagicSpoon_ProteinTreats_6Boxes_04.png?v=1752696302,3,,,,,,,,,,,,,,,,,,,,,,
sweet-n-salty-variety-pack,,,,,,,,,,,,,,,,,,,,,,,,https://cdn.shopify.com/s/files/1/0081/3826/0542/files/image_7.png?v=1752696302,4,,,,,,,,,,,,,,,,,,,,,,
sweet-n-salty-variety-pack,,,,,,,,,,,,,,,,,,,,,,,,https://cdn.shopify.com/s/files/1/0081/3826/0542/files/MS_T_VAR6_NFP_1aea9e03-9910-463a-a6c4-89cca462d599.jpg?v=1752696302,5,,,,,,,,,,,,,,,,,,,,,,
sweet-n-salty-variety-pack,,,,,,,,,,,,,,,,,,,,,,,,https://cdn.shopify.com/s/files/1/0081/3826/0542/files/MS_T_SALTY_SMORE_US_THEM.png?v=1752696302,6,,,,,,,,,,,,,,,,,,,,,,
variety-4-4-bags-of-granola,"Variety 4 - 4 Bags of Granola","<p style=""line-height: 1.4em !important; padding-top: 0.4em !important;""><meta charset=""utf-8""><span>Bring on the crunch! Get a dose of our signature flavors: </span><strong>Honey Almond. Peanut Butter. Mixed Berry.</strong><span> and <strong>Dark Chocolate</strong></span><strong>.</strong></p>","Magic Spoon",Granola,"6141-DKCHGR01-1x, 6142-PEAGR01-1x, 6143-HNALGR01-1x, 6156-MIXBGR01-1x, YGroup_fruity",TRUE,Title,"Default Title",,,,,400349,812,shopify,1000,continue,manual,"39.00","",TRUE,TRUE,,"https://cdn.shopify.com/s/files/1/0081/3826/0542/files/MS_G_VARIETY_4__HERO.png?v=1733764070",1,,FALSE,"Variety 4 - 4 Bags of Granola","Variety 4 - 4 Bags of Granola",,,,,,,,,,,,,,,Kg,,,
variety-4-4-bags-of-granola,,,,,,,,,,,,,,,,,,,,,,,,https://cdn.shopify.com/s/files/1/0081/3826/0542/files/MS_G_VARIETY_4__RTB.png?v=1738959442,1,,,,,,,,,,,,,,,,,,,,,,
variety-4-4-bags-of-granola,,,,,,,,,,,,,,,,,,,,,,,,https://cdn.shopify.com/s/files/1/0081/3826/0542/files/MS_G_VARIETY_4__PRODUCT_DETAIL_FRONT.jpg?v=1733764073,2,,,,,,,,,,,,,,,,,,,,,,
variety-4-4-bags-of-granola,,,,,,,,,,,,,,,,,,,,,,,,https://cdn.shopify.com/s/files/1/0081/3826/0542/files/MS_G_VARIETY_4__PRODUCT_DETAIL_BACK.jpg?v=1733764073,3,,,,,,,,,,,,,,,,,,,,,,
variety-4-4-bags-of-granola,,,,,,,,,,,,,,,,,,,,,,,,https://cdn.shopify.com/s/files/1/0081/3826/0542/files/MS_G_VARIETY_4__US_V_THEM.jpg?v=1738959442,4,,,,,,,,,,,,,,,,,,,,,,
variety-4-4-bags-of-granola,,,,,,,,,,,,,,,,,,,,,,,,https://cdn.shopify.com/s/files/1/0081/3826/0542/files/MS_G_VARIETY_4__NFP.jpg?v=1738957647,5,,,,,,,,,,,,,,,,,,,,,,
dark-chocolate-almond-4-bags-of-granola,"Dark Chocolate Almond - 4 Bags of Granola","<p dir=""ltr"" role=""presentation""><span>Not too sweet and plenty chocolatey. our </span><strong>Dark Chocolate Almond Protein Granola </strong><span>is like your favorite chocolate bar all grown up. packed with sunflower seeds. almonds. and cashews for a major crunch.</span></p>","Magic Spoon",Granola,"6141-DKCHGR01-4x, noindex, YGroup_fruity",TRUE,Title,"Default Title",,,,,400352,812,shopify,1000,continue,manual,"39.00","",TRUE,TRUE,,"https://cdn.shopify.com/s/files/1/0081/3826/0542/files/MS_G_DCA_HERO_a0bbc262-7ea7-4c13-8c5d-f806f04e25a0.png?v=1734519069",1,,FALSE,"Dark Chocolate Almond - 4 Bags of Granola","Dark Chocolate Almond - 4 Bags of Granola",,,,,,,,,,,,,,,Kg,,,
dark-chocolate-almond-4-bags-of-granola,,,,,,,,,,,,,,,,,,,,,,,,https://cdn.shopify.com/s/files/1/0081/3826/0542/files/MS_G_DCA_RTB.png?v=1733820378,1,,,,,,,,,,,,,,,,,,,,,,
dark-chocolate-almond-4-bags-of-granola,,,,,,,,,,,,,,,,,,,,,,,,https://cdn.shopify.com/s/files/1/0081/3826/0542/files/MS_G_DCA_PRODUCT_DETAIL_2ae07c12-c807-4f94-bdb9-1f2e797e844d.jpg?v=1733820378,2,,,,,,,,,,,,,,,,,,,,,,
dark-chocolate-almond-4-bags-of-granola,,,,,,,,,,,,,,,,,,,,,,,,https://cdn.shopify.com/s/files/1/0081/3826/0542/files/MS_G_DCA_US_V_THEM_2ad2e06c-e61b-4ad9-b847-e66445aa2469.jpg?v=1733820378,3,,,,,,,,,,,,,,,,,,,,,,
dark-chocolate-almond-4-bags-of-granola,,,,,,,,,,,,,,,,,,,,,,,,https://cdn.shopify.com/s/files/1/0081/3826/0542/files/MS_G_DCA_NFP_8a25972d-a929-40de-93a4-fa9ed50dc897.jpg?v=1733820378,4,,,,,,,,,,,,,,,,,,,,,,
mixed-berry-4-granola,"Mixed Berry - 4 Bags of Granola","<p style=""line-height: 1.4em !important; padding-top: 0.4em !important;""><meta charset=""utf-8""><span>Go berry picking all year long with <strong>Mixed Berry</strong> Protein Granola! These snackable clusters are studded with real freeze-dried berries.</span></p>","Magic Spoon",Granola,"6156-MIXBGR01-4x, YGroup_fruity",TRUE,Title,"Default Title",,,,,400354,812,shopify,1000,continue,manual,"39.00","",TRUE,TRUE,,"https://cdn.shopify.com/s/files/1/0081/3826/0542/files/MS_G_MB_HERO.png?v=1733818146",1,,FALSE,"Mixed Berry - 4 Bags of Granola","Mixed Berry - 4 Bags of Granola",,,,,,,,,,,,,,,Kg,,,
mixed-berry-4-granola,,,,,,,,,,,,,,,,,,,,,,,,https://cdn.shopify.com/s/files/1/0081/3826/0542/files/MS_G_MB_RTB.png?v=1733818146,1,,,,,,,,,,,,,,,,,,,,,,
mixed-berry-4-granola,,,,,,,,,,,,,,,,,,,,,,,,https://cdn.shopify.com/s/files/1/0081/3826/0542/files/MS_G_MB_PRODUCT_DETAIL.jpg?v=1733818146,2,,,,,,,,,,,,,,,,,,,,,,
mixed-berry-4-granola,,,,,,,,,,,,,,,,,,,,,,,,https://cdn.shopify.com/s/files/1/0081/3826/0542/files/MS_G_MB_US_V_THEM.jpg?v=1733818146,3,,,,,,,,,,,,,,,,,,,,,,
mixed-berry-4-granola,,,,,,,,,,,,,,,,,,,,,,,,https://cdn.shopify.com/s/files/1/0081/3826/0542/files/MS_G_MB_400354_LI.1.png?v=1734537018,4,,,,,,,,,,,,,,,,,,,,,,
mixed-berry-4-granola,,,,,,,,,,,,,,,,,,,,,,,,https://cdn.shopify.com/s/files/1/0081/3826/0542/files/MS_G_MB_400354_LI.2.png?v=1734537018,5,,,,,,,,,,,,,,,,,,,,,,
mixed-berry-4-granola,,,,,,,,,,,,,,,,,,,,,,,,https://cdn.shopify.com/s/files/1/0081/3826/0542/files/MS_G_MB_NFP.jpg?v=1734537018,6,,,,,,,,,,,,,,,,,,,,,,
honey-almond-4-granola,"Honey Almond - 4 Bags of Granola","<p style=""line-height: 1.4em !important; padding-top: 0.4em !important;""><meta charset=""utf-8""><span>Start your day with a touch of honey. Our <strong>Honey Almond</strong> Protein Granola is packed with almonds. cashews. and sunflower seeds for naturally delicious flavor and a serious crunch factor.</span></p>","Magic Spoon",Granola,"6143-HNALGR01-4x, YGroup_fruity",TRUE,Title,"Default Title",,,,,400351,812,shopify,1000,continue,manual,"39.00","",TRUE,TRUE,,"https://cdn.shopify.com/s/files/1/0081/3826/0542/files/MS_G_HA_HERO.png?v=1734017221",1,,FALSE,"Honey Almond - 4 Bags of Granola","Honey Almond - 4 Bags of Granola",,,,,,,,,,,,,,,Kg,,,
honey-almond-4-granola,,,,,,,,,,,,,,,,,,,,,,,,https://cdn.shopify.com/s/files/1/0081/3826/0542/files/MS_G_HA_RTB.png?v=1733764494,1,,,,,,,,,,,,,,,,,,,,,,
honey-almond-4-granola,,,,,,,,,,,,,,,,,,,,,,,,https://cdn.shopify.com/s/files/1/0081/3826/0542/files/MS_G_HA_PRODUCT_DETAIL.jpg?v=1733764501,2,,,,,,,,,,,,,,,,,,,,,,
honey-almond-4-granola,,,,,,,,,,,,,,,,,,,,,,,,https://cdn.shopify.com/s/files/1/0081/3826/0542/files/MS_G_HA_US_V_THEM.jpg?v=1733764500,3,,,,,,,,,,,,,,,,,,,,,,
honey-almond-4-granola,,,,,,,,,,,,,,,,,,,,,,,,https://cdn.shopify.com/s/files/1/0081/3826/0542/files/MS_G_HA_400351_LI.1.png?v=1734536792,4,,,,,,,,,,,,,,,,,,,,,,
honey-almond-4-granola,,,,,,,,,,,,,,,,,,,,,,,,https://cdn.shopify.com/s/files/1/0081/3826/0542/files/MS_G_HA_400351_LI.2.png?v=1734536792,5,,,,,,,,,,,,,,,,,,,,,,
honey-almond-4-granola,,,,,,,,,,,,,,,,,,,,,,,,https://cdn.shopify.com/s/files/1/0081/3826/0542/files/MS_G_HA_NFP.jpg?v=1734536792,6,,,,,,,,,,,,,,,,,,,,,,
peanut-butter-4-granola,"Peanut Butter - 4 Bags of Granola","<p style=""line-height: 1.4em !important; padding-top: 0.4em !important;"">Stay satisfied with salty-sweet <strong>Peanut Butter </strong>Protein Granola! We've folded in whole peanuts and sliced almonds for extra crunch in every bite. <br></p>","Magic Spoon",Granola,"6142-PEAGR01-4x, YGroup_fruity",TRUE,Title,"Default Title",,,,,400353,812,shopify,1000,continue,manual,"39.00","",TRUE,TRUE,,"https://cdn.shopify.com/s/files/1/0081/3826/0542/files/MS_G_PB_HERO.png?v=1733817748",1,,FALSE,"Peanut Butter - 4 Bags of Granola","Peanut Butter - 4 Bags of Granola",,,,,,,,,,,,,,,Kg,,,
peanut-butter-4-granola,,,,,,,,,,,,,,,,,,,,,,,,https://cdn.shopify.com/s/files/1/0081/3826/0542/files/MS_G_PB_RTB.png?v=1733817748,1,,,,,,,,,,,,,,,,,,,,,,
peanut-butter-4-granola,,,,,,,,,,,,,,,,,,,,,,,,https://cdn.shopify.com/s/files/1/0081/3826/0542/files/MS_G_PB_PRODUCT_DETAIL.jpg?v=1733817748,2,,,,,,,,,,,,,,,,,,,,,,
peanut-butter-4-granola,,,,,,,,,,,,,,,,,,,,,,,,https://cdn.shopify.com/s/files/1/0081/3826/0542/files/MS_G_PB_US_V_THEM.jpg?v=1733817748,3,,,,,,,,,,,,,,,,,,,,,,
peanut-butter-4-granola,,,,,,,,,,,,,,,,,,,,,,,,https://cdn.shopify.com/s/files/1/0081/3826/0542/files/MS_G_PB_400353_LI.1.png?v=1738958405,4,,,,,,,,,,,,,,,,,,,,,,
peanut-butter-4-granola,,,,,,,,,,,,,,,,,,,,,,,,https://cdn.shopify.com/s/files/1/0081/3826/0542/files/MS_G_PB_400353_LI.2.png?v=1734536931,5,,,,,,,,,,,,,,,,,,,,,,
peanut-butter-4-granola,,,,,,,,,,,,,,,,,,,,,,,,https://cdn.shopify.com/s/files/1/0081/3826/0542/files/MS_G_PB_NFP.jpg?v=1734536931,6,,,,,,,,,,,,,,,,,,,,,,
treats-variety-4-16-cereal-treats-4-boxes,"Variety 4 - 16 Cereal Treats (4 Boxes)","<style type=""text/css""><!--br {mso-data-placement:same-cell;}--></style><p><span data-sheets-root=""1"">An ultimate bundle that includes a box of our fan favorite Treats: <strong>Marshmallow. Chocolatey Peanut Butter. Blueberry Muffin</strong>. and <strong>Double Chocolate</strong>! Our high-protein Treats are the perfect snack for any time.</span></p>","Magic Spoon",Treats,"6026-PEATRT04-1x, 6027-MARTRT04-1x, 6039-DBCTRT04-1x, 6041-BLMTRT04-1x, Treats",TRUE,Title,"Default Title",,,,,400374,816,shopify,1000,continue,manual,"39.00","",TRUE,TRUE,,"https://cdn.shopify.com/s/files/1/0081/3826/0542/files/MS_T_VAR4_4PACK_HERO.png?v=1744118539",1,,FALSE,"Variety 4 - 16 Cereal Treats (4 Boxes)","Variety 4 - 16 Cereal Treats (4 Boxes)",,,,,,,,,,,,,,,Kg,,,
treats-variety-4-16-cereal-treats-4-boxes,,,,,,,,,,,,,,,,,,,,,,,,https://cdn.shopify.com/s/files/1/0081/3826/0542/files/MS_4FLAVOR_TREATS_RTB.png?v=1744118539,1,,,,,,,,,,,,,,,,,,,,,,
treats-variety-4-16-cereal-treats-4-boxes,,,,,,,,,,,,,,,,,,,,,,,,https://cdn.shopify.com/s/files/1/0081/3826/0542/files/MS_T_VAR4_PRODUCT_DETAIL.jpg?v=1744118539,2,,,,,,,,,,,,,,,,,,,,,,
treats-variety-4-16-cereal-treats-4-boxes,,,,,,,,,,,,,,,,,,,,,,,,https://cdn.shopify.com/s/files/1/0081/3826/0542/files/image_7.png?v=1752696302,3,,,,,,,,,,,,,,,,,,,,,,
treats-variety-4-16-cereal-treats-4-boxes,,,,,,,,,,,,,,,,,,,,,,,,https://cdn.shopify.com/s/files/1/0081/3826/0542/files/MS_T_VAR4_NFP.jpg?v=1752696274,4,,,,,,,,,,,,,,,,,,,,,,
strawberry-milkshake-16-cereal-treats-4-boxes,"Strawberry Milkshake - 16 Cereal Treats (4 Boxes)","<p dir=""ltr""><span>Shake things up with </span><span>Strawberry Milkshake</span><span>! Our newest Treat is packed with </span><strong>12g protein</strong><span>. studded with real strawberries. and dipped in a white chocolatey frosting. it's got all of the creamy. sweet berry flavor you love—with just </span><strong>1g sugar</strong><span>. Skip the straw and stock up on with this 4-pack for a crispy. high-protein snack at any time.</span><br data-mce-fragment=""1""></p>","Magic Spoon",Treats,"6095-STRMTRT04-4x, Treats",TRUE,Title,"Default Title",,,,,400188,816,shopify,1000,continue,manual,"39.00","39.00",TRUE,TRUE,,"https://cdn.shopify.com/s/files/1/0081/3826/0542/files/MS_T_SM_4PACK_HERO_BFN_AV022501.png?v=1750167623",1,,FALSE,"Strawberry Milkshake - 16 Cereal Treats (4 Boxes)","Strawberry Milkshake - 16 Cereal Treats (4 Boxes)",,,,,,,,,,,,,,,Kg,,,
strawberry-milkshake-16-cereal-treats-4-boxes,,,,,,,,,,,,,,,,,,,,,,,,https://cdn.shopify.com/s/files/1/0081/3826/0542/files/MS_T_STRAW_RTB_b68676ba-b8ea-45ca-b4de-7d2aa3bc9bdb.png?v=1752696245,1,,,,,,,,,,,,,,,,,,,,,,
strawberry-milkshake-16-cereal-treats-4-boxes,,,,,,,,,,,,,,,,,,,,,,,,https://cdn.shopify.com/s/files/1/0081/3826/0542/files/MS_T_SM_PRODUCT_DETAIL.jpg?v=1750167623,2,,,,,,,,,,,,,,,,,,,,,,
strawberry-milkshake-16-cereal-treats-4-boxes,,,,,,,,,,,,,,,,,,,,,,,,https://cdn.shopify.com/s/files/1/0081/3826/0542/files/image_7.png?v=1752696302,3,,,,,,,,,,,,,,,,,,,,,,
strawberry-milkshake-16-cereal-treats-4-boxes,,,,,,,,,,,,,,,,,,,,,,,,https://cdn.shopify.com/s/files/1/0081/3826/0542/files/MS_T_SM_NFP.jpg?v=1752696150,4,,,,,,,,,,,,,,,,,,,,,,
birthday-cake-16-cereal-treats-4-boxes,"Birthday Cake - 16 Cereal Treats (4 Boxes)","<p dir=""ltr""><span>Unwrap an instant party with our </span><span>Birthday Cake</span><span> Treats! Each irresistibly crispy. chewy bar is packed with </span><strong>12g protein</strong><span><strong>.</strong> and plenty of sprinkles. then dipped in a white chocolatey frosting for a big birthday cake taste with just<strong> </strong></span><strong>1g sugar</strong><span> per serving. Stock up on the 4-pack. and keep the party going.</span></p>","Magic Spoon",Treats,"6093-BDAYTRT04-4x, Treats",TRUE,Title,"Default Title",,,,,400187,816,shopify,1000,continue,manual,"39.00","39.00",TRUE,TRUE,,"https://cdn.shopify.com/s/files/1/0081/3826/0542/files/MS_T_BS_4PACK_HERO_BFN_AV022501.png?v=1750096971",1,,FALSE,"Birthday Cake - 16 Cereal Treats (4 Boxes)","Birthday Cake - 16 Cereal Treats (4 Boxes)",,,,,,,,,,,,,,,Kg,,,
birthday-cake-16-cereal-treats-4-boxes,,,,,,,,,,,,,,,,,,,,,,,,https://cdn.shopify.com/s/files/1/0081/3826/0542/files/MS_T_STRAW_RTB_b68676ba-b8ea-45ca-b4de-7d2aa3bc9bdb.png?v=1752696245,1,,,,,,,,,,,,,,,,,,,,,,
birthday-cake-16-cereal-treats-4-boxes,,,,,,,,,,,,,,,,,,,,,,,,https://cdn.shopify.com/s/files/1/0081/3826/0542/files/MS_T_BC_4PACK_HERO.png?v=1752696245,2,,,,,,,,,,,,,,,,,,,,,,
birthday-cake-16-cereal-treats-4-boxes,,,,,,,,,,,,,,,,,,,,,,,,https://cdn.shopify.com/s/files/1/0081/3826/0542/files/MS_T_BC_PRODUCT_DETAIL.jpg?v=1750096971,3,,,,,,,,,,,,,,,,,,,,,,
birthday-cake-16-cereal-treats-4-boxes,,,,,,,,,,,,,,,,,,,,,,,,https://cdn.shopify.com/s/files/1/0081/3826/0542/files/image_7.png?v=1752696302,4,,,,,,,,,,,,,,,,,,,,,,
birthday-cake-16-cereal-treats-4-boxes,,,,,,,,,,,,,,,,,,,,,,,,https://cdn.shopify.com/s/files/1/0081/3826/0542/files/MS_T_BC_NFP_e096e024-5868-4e3a-83fc-cf9f6aee33ee.jpg?v=1752696227,5,,,,,,,,,,,,,,,,,,,,,,
marshmallow-16-cereal-treats-1,"Marshmallow - 16 Cereal Treats (4 Boxes)","<p>Ditch the protein bars for a delicious Treat! We packed our crispy cereal snacks with <strong>12g protein</strong> and all of the nostalgic flavor. Tastes just like the classic. marshmallowey squares–but with more crisps. crunch. chew. and of course–more protein. Includes four boxes.<meta charset=""utf-8""></p>","Magic Spoon",Treats,"6027-MARTRT04-4x, Treats",TRUE,Title,"Default Title",,,,,400133,816,shopify,1000,continue,manual,"39.00","",TRUE,TRUE,,"https://cdn.shopify.com/s/files/1/0081/3826/0542/files/MS_T_MALLOW_4PACK_HERO_08e6319b-f63d-44af-8154-f8b4238d0037.png?v=1744118356",1,,FALSE,"Marshmallow - 16 Cereal Treats (4 Boxes)","Marshmallow - 16 Cereal Treats (4 Boxes)",,,,,,,,,,,,,,,Kg,,,
marshmallow-16-cereal-treats-1,,,,,,,,,,,,,,,,,,,,,,,,https://cdn.shopify.com/s/files/1/0081/3826/0542/products/MS_MALLOW_RTB_AV092301-410564.png?v=1752695180,1,,,,,,,,,,,,,,,,,,,,,,
marshmallow-16-cereal-treats-1,,,,,,,,,,,,,,,,,,,,,,,,https://cdn.shopify.com/s/files/1/0081/3826/0542/files/MS_T_MALLOW_PRODUCT_DETAIL_be5df053-efe1-4e24-947a-ab69e8039f57.jpg?v=1752695180,2,,,,,,,,,,,,,,,,,,,,,,
marshmallow-16-cereal-treats-1,,,,,,,,,,,,,,,,,,,,,,,,https://cdn.shopify.com/s/files/1/0081/3826/0542/files/image_7.png?v=1752696302,3,,,,,,,,,,,,,,,,,,,,,,
marshmallow-16-cereal-treats-1,,,,,,,,,,,,,,,,,,,,,,,,https://cdn.shopify.com/s/files/1/0081/3826/0542/files/MS_T_MALLOW_NFP_0dd9d30f-09c0-4c7a-830c-80f413709f84.jpg?v=1752695180,4,,,,,,,,,,,,,,,,,,,,,,
marshmallow-16-cereal-treats-1,,,,,,,,,,,,,,,,,,,,,,,,https://cdn.shopify.com/s/files/1/0081/3826/0542/products/MS_MALLOW_USVTHEM_AV092301_05e07b4f-5bbd-47ef-bd21-b1f2f97966b4-582789.png?v=1752695180,5,,,,,,,,,,,,,,,,,,,,,,
marshmallow-16-cereal-treats-1,,,,,,,,,,,,,,,,,,,,,,,,https://cdn.shopify.com/s/files/1/0081/3826/0542/products/MS_MM_DECORATION3-540138.png?v=1752695180,6,,,,,,,,,,,,,,,,,,,,,,
variety-pack-cereal-case,"Variety 4 - 1 case (4 boxes)","<style type=""text/css""><!--br {mso-data-placement:same-cell;}--></style><p><span data-sheets-root=""1"">Try all of our classic flavors—Fruity. Frosted. Cocoa. and Peanut Butter. We've reimagined all your favorite childhood cereals.</span><br></p>","Magic Spoon",Cereal,"741-COC01-1x, 744-FRU01-1x, 745-FRO01-1x, 746-PEA01-1x, subscription:recharge_checkout, YGroup_variety",TRUE,Title,"Default Title",,,,,747-MIX04B,1632,shopify,1000,continue,manual,"39.00","",TRUE,TRUE,,"https://cdn.shopify.com/s/files/1/0081/3826/0542/products/MS_VARIETY_4PACK-434857.png?v=1667355831",1,,FALSE,"Variety 4 - 1 case (4 boxes)","Variety 4 - 1 case (4 boxes)",,,,,,,,,,,,,,,Kg,,,
variety-pack-cereal-case,,,,,,,,,,,,,,,,,,,,,,,,https://cdn.shopify.com/s/files/1/0081/3826/0542/products/MS_RTB_s_Variety4-Pack.jpg?v=1672954262,1,,,,,,,,,,,,,,,,,,,,,,
variety-pack-cereal-case,,,,,,,,,,,,,,,,,,,,,,,,https://cdn.shopify.com/s/files/1/0081/3826/0542/products/MS_VARIETY_4PACK_FRONT-441413.jpg?v=1672954262,2,,,,,,,,,,,,,,,,,,,,,,
variety-pack-cereal-case,,,,,,,,,,,,,,,,,,,,,,,,https://cdn.shopify.com/s/files/1/0081/3826/0542/products/MS_VARIETY_4PACK_BACK-903056.jpg?v=1672954262,3,,,,,,,,,,,,,,,,,,,,,,
variety-pack-cereal-case,,,,,,,,,,,,,,,,,,,,,,,,https://cdn.shopify.com/s/files/1/0081/3826/0542/products/MS_4PACK_BOWL_SPOON-168975.jpg?v=1672954262,4,,,,,,,,,,,,,,,,,,,,,,
variety-pack-cereal-case,,,,,,,,,,,,,,,,,,,,,,,,https://cdn.shopify.com/s/files/1/0081/3826/0542/products/MS_VARIETY_STACK_10.21.jpg?v=1672954262,5,,,,,,,,,,,,,,,,,,,,,,
variety-pack-cereal-case,,,,,,,,,,,,,,,,,,,,,,,,https://cdn.shopify.com/s/files/1/0081/3826/0542/products/MS_VARIETY_TOPDOWN_3.22_0d136b26-81fa-4772-86a7-87c48f6dfcce-874260.jpg?v=1672954262,6,,,,,,,,,,,,,,,,,,,,,,
variety-pack-cereal-case,,,,,,,,,,,,,,,,,,,,,,,,https://cdn.shopify.com/s/files/1/0081/3826/0542/files/MS_VARIETY4PACK_NFP_AV082301.jpg?v=1712933169,7,,,,,,,,,,,,,,,,,,,,,,
variety-pack-cereal-case,,,,,,,,,,,,,,,,,,,,,,,,https://cdn.shopify.com/s/files/1/0081/3826/0542/products/Artboard_31_c344f92e-06ce-465d-913f-205f04912ba1_1-517819.png?v=1712933169,8,,,,,,,,,,,,,,,,,,,,,,
variety-pack-cereal-case,,,,,,,,,,,,,,,,,,,,,,,,https://cdn.shopify.com/s/files/1/0081/3826/0542/products/Artboard_32_1.png?v=1712933169,9,,,,,,,,,,,,,,,,,,,,,,
variety-pack-cereal-case,,,,,,,,,,,,,,,,,,,,,,,,https://cdn.shopify.com/s/files/1/0081/3826/0542/products/Artboard_30_1-658693.png?v=1712933169,10,,,,,,,,,,,,,,,,,,,,,,
variety-pack-cereal-case,,,,,,,,,,,,,,,,,,,,,,,,https://cdn.shopify.com/s/files/1/0081/3826/0542/products/MS_VARIETY_4PACK_7cdc1755-2189-4cf0-9416-1526962bff5e-101883.png?v=1712933169,11,,,,,,,,,,,,,,,,,,,,,,
variety-pack-cereal-case,,,,,,,,,,,,,,,,,,,,,,,,https://cdn.shopify.com/s/files/1/0081/3826/0542/products/MS_VARIETY_4PACK_CHART_1.13.23-939602.png?v=1712933169,12,,,,,,,,,,,,,,,,,,,,,,
variety-pack-cereal-case,,,,,,,,,,,,,,,,,,,,,,,,https://cdn.shopify.com/s/files/1/0081/3826/0542/files/MS_VARIETY4PACK_NFP_AV082301_54d3efe7-3b05-478a-aaad-89b8a2b1efb8.jpg?v=1712933160,13,,,,,,,,,,,,,,,,,,,,,,
